l/r,compile_time_base,compile_time_clangir,compile_time_diff,exec_time_base,exec_time_clangir,exec_time_diff
count,1829.0,936.0,78.0,1829.0,936.0,936.0
mean,0.03838091853471843,0.00325267094017094,0.40351608674193723,0.14128089301986516,0.03562852564102564,0.0015033666644654027
std,0.47163791489899515,0.018679804454616936,0.8595838242861081,1.1563067397856095,0.32548245201881354,0.1503801826667529
min,0.0,0.0,-0.5914396887159532,0.0002466666666666667,0.0002866666666666667,-0.38221377696121617
25%,0.0,0.0,0.021098658515877,0.0003933333333333333,0.0003866666666666666,-0.09722222222222227
50%,0.0,0.0,0.21819677310411723,0.00042666666666666667,0.00041333333333333337,-0.013842182139339243
75%,0.0,0.0,0.4986636513157895,0.0004666666666666667,0.0004400000000000001,0.08368644067796621
max,14.482599999999996,0.33999999999999997,4.531249999999998,31.905833333333337,4.9317,0.8421052631578949
